<?xml version="1.0" encoding="UTF-8"?>
<project-private xmlns="http://www.netbeans.org/ns/project-private/1">
    <editor-bookmarks xmlns="http://www.netbeans.org/ns/editor-bookmarks/2" lastBookmarkId="0"/>
    <open-files xmlns="http://www.netbeans.org/ns/projectui-open-files/2">
        <group>
            <file>file:/C:/Users/Cesar/Downloads/Versión%202.6/PROYECTO_OOP_BASQUETBOL/src/Entities/Statistics.java</file>
            <file>file:/C:/Users/Cesar/Downloads/Versión%202.6/PROYECTO_OOP_BASQUETBOL/src/proyecto_oop_basquetbol/PROYECTO_OOP_BASQUETBOLfinal.java</file>
        </group>
    </open-files>
</project-private>
